flower,description
Rose,"A timeless symbol of love and beauty, roses come in a wide range of colors including red, pink, white, and yellow. They have tightly layered, fragrant petals forming a classic, rounded bloom. Native to Asia, roses hold significant cultural value across the world, symbolizing romance, honor, and passion."
Tulip,"Known for their elegant, cup-shaped blooms and smooth, upright stems, tulips come in almost every color of the rainbow. Originating from Central Asia and popularized in the Netherlands, they symbolize perfect love, rebirth, and cheerful beginnings."
Daisy,"Featuring a sunny yellow center surrounded by crisp white petals, daisies are simple, cheerful flowers. Native to Europe and North America, they represent innocence, purity, and new beginnings, and are commonly found in meadows and gardens."
Lily,"Lilies are large, trumpet-shaped flowers that come in various colors like white, pink, orange, and yellow. Often fragrant, they symbolize purity and transience in Christianity and are native to temperate northern hemisphere regions such as Asia and Europe."
Marigold,"With vivid orange and yellow blooms, marigolds have dense, ruffled petals and a pungent scent. Native to Mexico and Central America, they are culturally significant in festivals like DÃ­a de los Muertos and symbolize warmth, creativity, and remembrance."
Petunia,"Petunias display soft, velvety trumpet-shaped flowers in shades of purple, pink, white, and red. Native to South America, they are commonly used in hanging baskets and symbolize soothing presence and motherly love, although sometimes associated with resentment."
Pansy,"Recognizable by their bold, face-like patterns in purple, yellow, blue, and white, pansies are heart-shaped, velvety flowers. Native to Europe, they symbolize thoughtfulness and remembrance and are widely appreciated in literature and art."
Zinnia,"Zinnias have vibrant, daisy-like blooms with layered petals in red, pink, orange, and white. Native to Mexico and the southwestern U.S., they represent lasting affection and are popular in summer gardens for their hardiness and bright colors."
Orchid,"Exotic and delicate, orchids feature symmetrical petals and often a lip-like center. Found in many vivid colors and patterns, they are native to tropical regions around the world. Orchids symbolize luxury, refinement, and rare beauty in many cultures."
Hibiscus,"Known for their large, trumpet-shaped blossoms with a protruding stamen, hibiscus flowers come in bright hues like red, pink, and yellow. Native to Asia and the Pacific Islands, they symbolize delicate beauty and are used in teas and traditional ceremonies."
Bird of Paradise,"With striking orange and blue petals shaped like a bird in flight, this flower is native to South Africa. It represents joy, freedom, and paradise, and is often used in tropical floral arrangements to convey exotic beauty."
Plumeria,"Also known as Frangipani, plumeria flowers have waxy, pinwheel-shaped petals in white, pink, yellow, or red. Native to Central America and the Caribbean, they symbolize positivity, immortality, and are used in leis in Hawaiian culture."
Anthurium,"This heart-shaped, glossy flower usually appears in red, pink, or white, with a yellow spadix at the center. Native to Central and South America, anthuriums symbolize hospitality, abundance, and exotic elegance."
Bougainvillea,"Bougainvillea boasts papery, vibrant magenta, red, or purple bracts surrounding tiny white flowers. Native to South America, it symbolizes passion, vibrancy, and resilience, and is often grown on trellises in tropical climates."
Peony,"Peonies are lush, full-bodied blooms with layers of soft, ruffled petals in shades of pink, red, and white. Native to Asia and Europe, they symbolize prosperity, honor, and romance, especially in Chinese and Japanese cultures."
Camellia,"These refined flowers have symmetrical, rounded petals in white, pink, or red. Native to East Asia, camellias are associated with admiration and perfection, often symbolizing devotion and longevity in Chinese culture."
Gardenia,"Gardenias have creamy white, waxy blossoms with a strong, sweet fragrance. Native to tropical and subtropical regions of Africa and Asia, they represent purity, peace, and secret love and are often used in bridal bouquets."
Ranunculus,"Featuring tightly packed, delicate petals forming a rose-like bloom, ranunculus comes in bold colors like pink, red, and orange. Native to Asia and southeastern Europe, it symbolizes charm and attractiveness, making it a favorite in modern floral design."
Dahlia,"Dahlias display intricate, symmetrical blooms in a wide variety of colors and shapes, from ball-shaped to spiky. Native to Mexico and Central America, they represent elegance, strength, and inner dignity, often used in festive arrangements."
Chrysanthemum,"With layered, ray-like petals, chrysanthemums come in colors like white, yellow, red, and purple. Native to Asia and northeastern Europe, they are revered in Japan as a symbol of longevity and happiness, and are also associated with remembrance in Western cultures."
Sunflower,"Towering and radiant, sunflowers have a large central disc surrounded by golden yellow petals. Native to North America, they symbolize loyalty, warmth, and positivity, and are often associated with the sun and spiritual adoration."
Bluebell,"Delicate, bell-shaped flowers in shades of blue and violet hang in clusters. Native to Europe, bluebells bloom in woodlands and symbolize humility, gratitude, and everlasting love in folklore and literature."
Cornflower,"Cornflowers have frilly, bright blue petals with a star-like shape. Native to Europe, they symbolize hope, devotion, and remembrance, and were once worn by young men in love as a sign of romantic intent."
Dandelion,"Recognizable by their bright yellow flowers and fluffy seed heads, dandelions are hardy and adaptable. Native to Eurasia, they represent resilience, transformation, and youthful joy, often seen in childhood wishes and herbal medicine."
Aster,"Star-shaped blooms in purple, pink, and white, asters have a yellow center and daisy-like appearance. Native to North America and Europe, they symbolize wisdom, patience, and elegance, often blooming in late summer to fall."
Lupine,"Lupines grow in tall spikes of blue, purple, pink, or white flowers. Native to North America and the Mediterranean, they symbolize imagination, admiration, and growth, and are known for enriching soil with nitrogen."
Heliconia,"Heliconias are striking tropical flowers with long, colorful bracts in red, orange, or yellow that resemble lobster claws or bird beaks. Native to Central and South America, they symbolize youth, vitality, and creativity and are commonly found in rainforest environments."
Freesia,"Freesias are fragrant, funnel-shaped blooms that grow along one side of a slender stem in colors like white, yellow, pink, and purple. Native to South Africa, they symbolize innocence, friendship, and trust, and are often used in wedding bouquets."
Snapdragon,"Snapdragons have tubular, dragon-shaped blooms that open when squeezed, in shades ranging from soft pastels to deep reds and purples. Native to the Mediterranean, they symbolize grace and strength and are a favorite in cottage gardens."
Gladiolus,"These tall, sword-like stems hold rows of trumpet-shaped blooms in a wide range of colors. Native to Africa and the Mediterranean, gladiolus symbolize integrity, strength of character, and remembrance, and are often used in formal floral arrangements."
Iris,"Irises have three upright petals and three drooping falls in shades of purple, blue, white, and yellow. Named after the Greek goddess Iris, they symbolize faith, wisdom, and valor and are native to temperate zones in Europe and Asia."
Hyacinth,"Hyacinths feature dense spikes of fragrant, bell-shaped flowers in purple, blue, white, or pink. Native to the eastern Mediterranean, they symbolize rebirth and springtime, and in Greek mythology, they represent sorrow and beauty."
Geranium,"Geraniums have rounded, often brightly colored blooms in red, pink, and white, and distinctive aromatic leaves. Native to southern Africa, they symbolize friendship, good health, and comfort and are popular in container gardens."
Amaryllis,"Amaryllis produce large, trumpet-like flowers in red, pink, and white, often blooming indoors in winter. Native to South America, they symbolize pride, strength, and radiant beauty, and are associated with festive holiday displays."
Cosmos,"Cosmos flowers have open, daisy-like blooms in white, pink, and crimson with yellow centers, atop long, slender stems. Native to Mexico, they symbolize order and harmony, and their light, airy appearance adds charm to wildflower gardens."
Lavender,"Lavender has small purple flower spikes atop gray-green stems, known for their calming fragrance. Native to the Mediterranean, lavender symbolizes purity, serenity, and devotion, and is widely used in aromatherapy and herbal medicine."